file_path,label
C:/Users/Acer/Desktop/pot hole detection/dataset/train/normal/1.jpg,normal
C:/Users/Acer/Desktop/pot hole detection/dataset/train/normal/2.jpg,normal
C:/Users/Acer/Desktop/pot hole detection/dataset/train/normal/3.jpg,normal
C:/Users/Acer/Desktop/pot hole detection/dataset/train/normal/4.jpg,normal
C:/Users/Acer/Desktop/pot hole detection/dataset/train/normal/5.jpg,normal
C:/Users/Acer/Desktop/pot hole detection/dataset/train/normal/6.jpg,normal
C:/Users/Acer/Desktop/pot hole detection/dataset/train/normal/7.jpg,normal
C:/Users/Acer/Desktop/pot hole detection/dataset/train/normal/8.jpg,normal
C:/Users/Acer/Desktop/pot hole detection/dataset/train/normal/9.jpg,normal
C:/Users/Acer/Desktop/pot hole detection/dataset/train/normal/10.jpg,normal
C:/Users/Acer/Desktop/pot hole detection/dataset/train/normal/11.jpg,normal
C:/Users/Acer/Desktop/pot hole detection/dataset/train/normal/12.jpg,normal
C:/Users/Acer/Desktop/pot hole detection/dataset/train/normal/13.jpg,normal
C:/Users/Acer/Desktop/pot hole detection/dataset/train/normal/14.jpg,normal
C:/Users/Acer/Desktop/pot hole detection/dataset/train/normal/15.jpg,normal
C:/Users/Acer/Desktop/pot hole detection/dataset/train/normal/16.jpg,normal
C:/Users/Acer/Desktop/pot hole detection/dataset/train/normal/17.jpg,normal
C:/Users/Acer/Desktop/pot hole detection/dataset/train/normal/18.jpg,normal
C:/Users/Acer/Desktop/pot hole detection/dataset/train/normal/19.jpg,normal
C:/Users/Acer/Desktop/pot hole detection/dataset/train/normal/20.jpg,normal
C:/Users/Acer/Desktop/pot hole detection/dataset/train/normal/21.jpg,normal
C:/Users/Acer/Desktop/pot hole detection/dataset/train/normal/22.jpg,normal
C:/Users/Acer/Desktop/pot hole detection/dataset/train/normal/23.jpg,normal
C:/Users/Acer/Desktop/pot hole detection/dataset/train/normal/24.jpg,normal
C:/Users/Acer/Desktop/pot hole detection/dataset/train/normal/25.jpg,normal
C:/Users/Acer/Desktop/pot hole detection/dataset/train/normal/26.jpg,normal
C:/Users/Acer/Desktop/pot hole detection/dataset/train/normal/27.jpg,normal
C:/Users/Acer/Desktop/pot hole detection/dataset/train/normal/28.jpg,normal
C:/Users/Acer/Desktop/pot hole detection/dataset/train/normal/29.jpg,normal
C:/Users/Acer/Desktop/pot hole detection/dataset/train/normal/30.jpg,normal
C:/Users/Acer/Desktop/pot hole detection/dataset/train/normal/31.jpg,normal
C:/Users/Acer/Desktop/pot hole detection/dataset/train/normal/32.jpg,normal
C:/Users/Acer/Desktop/pot hole detection/dataset/train/normal/33.jpg,normal
C:/Users/Acer/Desktop/pot hole detection/dataset/train/normal/34.jpg,normal
C:/Users/Acer/Desktop/pot hole detection/dataset/train/normal/35.jpg,normal
C:/Users/Acer/Desktop/pot hole detection/dataset/train/normal/36.jpg,normal
C:/Users/Acer/Desktop/pot hole detection/dataset/train/normal/37.jpg,normal
C:/Users/Acer/Desktop/pot hole detection/dataset/train/normal/38.jpg,normal
C:/Users/Acer/Desktop/pot hole detection/dataset/train/normal/39.jpg,normal
C:/Users/Acer/Desktop/pot hole detection/dataset/train/normal/40.jpg,normal
C:/Users/Acer/Desktop/pot hole detection/dataset/train/normal/41.jpg,normal
C:/Users/Acer/Desktop/pot hole detection/dataset/train/normal/42.jpg,normal
C:/Users/Acer/Desktop/pot hole detection/dataset/train/normal/43.jpg,normal
C:/Users/Acer/Desktop/pot hole detection/dataset/train/normal/44.jpg,normal
C:/Users/Acer/Desktop/pot hole detection/dataset/train/normal/45.jpg,normal
C:/Users/Acer/Desktop/pot hole detection/dataset/train/normal/46.jpg,normal
C:/Users/Acer/Desktop/pot hole detection/dataset/train/normal/47.jpg,normal
C:/Users/Acer/Desktop/pot hole detection/dataset/train/normal/48.jpg,normal
C:/Users/Acer/Desktop/pot hole detection/dataset/train/normal/49.jpg,normal
C:/Users/Acer/Desktop/pot hole detection/dataset/train/normal/50.jpg,normal
C:/Users/Acer/Desktop/pot hole detection/dataset/train/normal/51.jpg,normal
C:/Users/Acer/Desktop/pot hole detection/dataset/train/normal/52.jpg,normal
C:/Users/Acer/Desktop/pot hole detection/dataset/train/normal/53.jpg,normal
C:/Users/Acer/Desktop/pot hole detection/dataset/train/normal/54.jpg,normal
C:/Users/Acer/Desktop/pot hole detection/dataset/train/normal/55.jpg,normal
C:/Users/Acer/Desktop/pot hole detection/dataset/train/normal/56.jpg,normal
C:/Users/Acer/Desktop/pot hole detection/dataset/train/normal/57.jpg,normal
C:/Users/Acer/Desktop/pot hole detection/dataset/train/normal/58.jpg,normal
C:/Users/Acer/Desktop/pot hole detection/dataset/train/normal/59.jpg,normal
C:/Users/Acer/Desktop/pot hole detection/dataset/train/normal/60.jpg,normal
C:/Users/Acer/Desktop/pot hole detection/dataset/train/normal/61.jpg,normal
C:/Users/Acer/Desktop/pot hole detection/dataset/train/normal/62.jpg,normal
C:/Users/Acer/Desktop/pot hole detection/dataset/train/normal/63.jpg,normal
C:/Users/Acer/Desktop/pot hole detection/dataset/train/normal/64.jpg,normal
C:/Users/Acer/Desktop/pot hole detection/dataset/train/normal/65.jpg,normal
C:/Users/Acer/Desktop/pot hole detection/dataset/train/normal/66.jpg,normal
C:/Users/Acer/Desktop/pot hole detection/dataset/train/normal/67.jpg,normal
C:/Users/Acer/Desktop/pot hole detection/dataset/train/normal/68.jpg,normal
C:/Users/Acer/Desktop/pot hole detection/dataset/train/normal/69.jpg,normal
C:/Users/Acer/Desktop/pot hole detection/dataset/train/normal/70.jpg,normal
C:/Users/Acer/Desktop/pot hole detection/dataset/train/normal/71.jpg,normal
C:/Users/Acer/Desktop/pot hole detection/dataset/train/normal/72.jpg,normal
C:/Users/Acer/Desktop/pot hole detection/dataset/train/normal/73.jpg,normal
C:/Users/Acer/Desktop/pot hole detection/dataset/train/normal/74.jpg,normal
C:/Users/Acer/Desktop/pot hole detection/dataset/train/normal/75.jpg,normal
C:/Users/Acer/Desktop/pot hole detection/dataset/train/normal/76.jpg,normal
C:/Users/Acer/Desktop/pot hole detection/dataset/train/normal/77.jpg,normal
C:/Users/Acer/Desktop/pot hole detection/dataset/train/normal/78.jpg,normal
C:/Users/Acer/Desktop/pot hole detection/dataset/train/normal/79.jpg,normal
C:/Users/Acer/Desktop/pot hole detection/dataset/train/normal/80.jpg,normal
C:/Users/Acer/Desktop/pot hole detection/dataset/train/normal/81.jpg,normal
C:/Users/Acer/Desktop/pot hole detection/dataset/train/normal/82.jpg,normal
C:/Users/Acer/Desktop/pot hole detection/dataset/train/normal/83.jpg,normal
C:/Users/Acer/Desktop/pot hole detection/dataset/train/normal/84.jpg,normal
C:/Users/Acer/Desktop/pot hole detection/dataset/train/normal/85.jpg,normal
C:/Users/Acer/Desktop/pot hole detection/dataset/train/normal/86.jpg,normal
C:/Users/Acer/Desktop/pot hole detection/dataset/train/normal/87.jpg,normal
C:/Users/Acer/Desktop/pot hole detection/dataset/train/normal/88.jpg,normal
C:/Users/Acer/Desktop/pot hole detection/dataset/train/normal/89.jpg,normal
C:/Users/Acer/Desktop/pot hole detection/dataset/train/normal/90.jpg,normal
C:/Users/Acer/Desktop/pot hole detection/dataset/train/normal/91.jpg,normal
C:/Users/Acer/Desktop/pot hole detection/dataset/train/normal/92.jpg,normal
C:/Users/Acer/Desktop/pot hole detection/dataset/train/normal/93.jpg,normal
C:/Users/Acer/Desktop/pot hole detection/dataset/train/normal/94.jpg,normal
C:/Users/Acer/Desktop/pot hole detection/dataset/train/normal/95.jpg,normal
C:/Users/Acer/Desktop/pot hole detection/dataset/train/normal/96.jpg,normal
C:/Users/Acer/Desktop/pot hole detection/dataset/train/normal/97.jpg,normal
C:/Users/Acer/Desktop/pot hole detection/dataset/train/normal/98.jpg,normal
C:/Users/Acer/Desktop/pot hole detection/dataset/train/normal/99.jpg,normal
C:/Users/Acer/Desktop/pot hole detection/dataset/train/normal/100.jpg,normal
C:/Users/Acer/Desktop/pot hole detection/dataset/train/normal/101.jpg,normal
C:/Users/Acer/Desktop/pot hole detection/dataset/train/normal/102.jpg,normal
C:/Users/Acer/Desktop/pot hole detection/dataset/train/normal/103.jpg,normal
C:/Users/Acer/Desktop/pot hole detection/dataset/train/normal/104.jpg,normal
C:/Users/Acer/Desktop/pot hole detection/dataset/train/normal/105.jpg,normal
C:/Users/Acer/Desktop/pot hole detection/dataset/train/normal/106.jpg,normal
C:/Users/Acer/Desktop/pot hole detection/dataset/train/normal/107.jpg,normal
C:/Users/Acer/Desktop/pot hole detection/dataset/train/normal/108.jpg,normal
C:/Users/Acer/Desktop/pot hole detection/dataset/train/normal/109.jpg,normal
C:/Users/Acer/Desktop/pot hole detection/dataset/train/normal/110.jpg,normal
C:/Users/Acer/Desktop/pot hole detection/dataset/train/normal/111.jpg,normal
C:/Users/Acer/Desktop/pot hole detection/dataset/train/normal/112.jpg,normal
C:/Users/Acer/Desktop/pot hole detection/dataset/train/normal/113.jpg,normal
C:/Users/Acer/Desktop/pot hole detection/dataset/train/normal/114.jpg,normal
C:/Users/Acer/Desktop/pot hole detection/dataset/train/normal/115.jpg,normal
C:/Users/Acer/Desktop/pot hole detection/dataset/train/normal/116.jpg,normal
C:/Users/Acer/Desktop/pot hole detection/dataset/train/normal/117.jpg,normal
C:/Users/Acer/Desktop/pot hole detection/dataset/train/normal/118.jpg,normal
C:/Users/Acer/Desktop/pot hole detection/dataset/train/normal/119.jpg,normal
C:/Users/Acer/Desktop/pot hole detection/dataset/train/normal/120.jpg,normal
C:/Users/Acer/Desktop/pot hole detection/dataset/train/normal/121.jpg,normal
C:/Users/Acer/Desktop/pot hole detection/dataset/train/normal/122.jpg,normal
C:/Users/Acer/Desktop/pot hole detection/dataset/train/normal/123.jpg,normal
C:/Users/Acer/Desktop/pot hole detection/dataset/train/normal/124.jpg,normal
C:/Users/Acer/Desktop/pot hole detection/dataset/train/normal/125.jpg,normal
C:/Users/Acer/Desktop/pot hole detection/dataset/train/normal/126.jpg,normal
C:/Users/Acer/Desktop/pot hole detection/dataset/train/normal/127.jpg,normal
C:/Users/Acer/Desktop/pot hole detection/dataset/train/normal/128.jpg,normal
C:/Users/Acer/Desktop/pot hole detection/dataset/train/normal/129.jpg,normal
C:/Users/Acer/Desktop/pot hole detection/dataset/train/normal/130.jpg,normal
C:/Users/Acer/Desktop/pot hole detection/dataset/train/normal/131.jpg,normal
C:/Users/Acer/Desktop/pot hole detection/dataset/train/normal/132.jpg,normal
C:/Users/Acer/Desktop/pot hole detection/dataset/train/normal/133.jpg,normal
C:/Users/Acer/Desktop/pot hole detection/dataset/train/normal/134.jpg,normal
C:/Users/Acer/Desktop/pot hole detection/dataset/train/normal/135.jpg,normal
C:/Users/Acer/Desktop/pot hole detection/dataset/train/normal/136.jpg,normal
C:/Users/Acer/Desktop/pot hole detection/dataset/train/normal/137.jpg,normal
C:/Users/Acer/Desktop/pot hole detection/dataset/train/normal/138.jpg,normal
C:/Users/Acer/Desktop/pot hole detection/dataset/train/normal/139.jpg,normal
C:/Users/Acer/Desktop/pot hole detection/dataset/train/normal/140.jpg,normal
C:/Users/Acer/Desktop/pot hole detection/dataset/train/normal/141.jpg,normal
C:/Users/Acer/Desktop/pot hole detection/dataset/train/normal/142.jpg,normal
C:/Users/Acer/Desktop/pot hole detection/dataset/train/normal/143.jpg,normal
C:/Users/Acer/Desktop/pot hole detection/dataset/train/normal/144.jpg,normal
C:/Users/Acer/Desktop/pot hole detection/dataset/train/normal/145.jpg,normal
C:/Users/Acer/Desktop/pot hole detection/dataset/train/normal/146.jpg,normal
C:/Users/Acer/Desktop/pot hole detection/dataset/train/normal/147.jpg,normal
C:/Users/Acer/Desktop/pot hole detection/dataset/train/normal/148.jpg,normal
C:/Users/Acer/Desktop/pot hole detection/dataset/train/normal/149.jpg,normal
C:/Users/Acer/Desktop/pot hole detection/dataset/train/normal/150.jpg,normal
C:/Users/Acer/Desktop/pot hole detection/dataset/train/normal/151.jpg,normal
C:/Users/Acer/Desktop/pot hole detection/dataset/train/normal/152.jpg,normal
C:/Users/Acer/Desktop/pot hole detection/dataset/train/normal/153.jpg,normal
C:/Users/Acer/Desktop/pot hole detection/dataset/train/normal/154.jpg,normal
C:/Users/Acer/Desktop/pot hole detection/dataset/train/normal/155.jpg,normal
C:/Users/Acer/Desktop/pot hole detection/dataset/train/normal/156.jpg,normal
C:/Users/Acer/Desktop/pot hole detection/dataset/train/normal/157.jpg,normal
C:/Users/Acer/Desktop/pot hole detection/dataset/train/normal/158.jpg,normal
C:/Users/Acer/Desktop/pot hole detection/dataset/train/normal/159.jpg,normal
C:/Users/Acer/Desktop/pot hole detection/dataset/train/normal/160.jpg,normal
C:/Users/Acer/Desktop/pot hole detection/dataset/train/normal/161.jpg,normal
C:/Users/Acer/Desktop/pot hole detection/dataset/train/normal/162.jpg,normal
C:/Users/Acer/Desktop/pot hole detection/dataset/train/normal/163.jpg,normal
C:/Users/Acer/Desktop/pot hole detection/dataset/train/normal/164.jpg,normal
C:/Users/Acer/Desktop/pot hole detection/dataset/train/normal/165.jpg,normal
C:/Users/Acer/Desktop/pot hole detection/dataset/train/normal/166.jpg,normal
C:/Users/Acer/Desktop/pot hole detection/dataset/train/normal/167.jpg,normal
C:/Users/Acer/Desktop/pot hole detection/dataset/train/normal/168.jpg,normal
C:/Users/Acer/Desktop/pot hole detection/dataset/train/normal/169.jpg,normal
C:/Users/Acer/Desktop/pot hole detection/dataset/train/normal/170.jpg,normal
C:/Users/Acer/Desktop/pot hole detection/dataset/train/normal/171.jpg,normal
C:/Users/Acer/Desktop/pot hole detection/dataset/train/normal/172.jpg,normal
C:/Users/Acer/Desktop/pot hole detection/dataset/train/normal/173.jpg,normal
C:/Users/Acer/Desktop/pot hole detection/dataset/train/normal/174.jpg,normal
C:/Users/Acer/Desktop/pot hole detection/dataset/train/normal/175.jpg,normal
C:/Users/Acer/Desktop/pot hole detection/dataset/train/normal/176.jpg,normal
C:/Users/Acer/Desktop/pot hole detection/dataset/train/normal/177.jpg,normal
C:/Users/Acer/Desktop/pot hole detection/dataset/train/normal/178.jpg,normal
C:/Users/Acer/Desktop/pot hole detection/dataset/train/normal/179.jpg,normal
C:/Users/Acer/Desktop/pot hole detection/dataset/train/normal/180.jpg,normal
C:/Users/Acer/Desktop/pot hole detection/dataset/train/normal/181.jpg,normal
C:/Users/Acer/Desktop/pot hole detection/dataset/train/normal/182.jpg,normal
C:/Users/Acer/Desktop/pot hole detection/dataset/train/normal/183.jpg,normal
C:/Users/Acer/Desktop/pot hole detection/dataset/train/normal/184.jpg,normal
C:/Users/Acer/Desktop/pot hole detection/dataset/train/normal/185.jpg,normal
C:/Users/Acer/Desktop/pot hole detection/dataset/train/normal/186.jpg,normal
C:/Users/Acer/Desktop/pot hole detection/dataset/train/normal/187.jpg,normal
C:/Users/Acer/Desktop/pot hole detection/dataset/train/normal/188.jpg,normal
C:/Users/Acer/Desktop/pot hole detection/dataset/train/normal/189.jpg,normal
C:/Users/Acer/Desktop/pot hole detection/dataset/train/normal/190.jpg,normal
C:/Users/Acer/Desktop/pot hole detection/dataset/train/normal/191.jpg,normal
C:/Users/Acer/Desktop/pot hole detection/dataset/train/normal/192.jpg,normal
C:/Users/Acer/Desktop/pot hole detection/dataset/train/normal/193.jpg,normal
C:/Users/Acer/Desktop/pot hole detection/dataset/train/normal/194.jpg,normal
C:/Users/Acer/Desktop/pot hole detection/dataset/train/normal/195.jpg,normal
C:/Users/Acer/Desktop/pot hole detection/dataset/train/normal/196.jpg,normal
C:/Users/Acer/Desktop/pot hole detection/dataset/train/normal/197.jpg,normal
C:/Users/Acer/Desktop/pot hole detection/dataset/train/normal/198.jpg,normal
C:/Users/Acer/Desktop/pot hole detection/dataset/train/normal/199.jpg,normal
C:/Users/Acer/Desktop/pot hole detection/dataset/train/normal/200.jpg,normal
C:/Users/Acer/Desktop/pot hole detection/dataset/train/normal/201.jpg,normal
C:/Users/Acer/Desktop/pot hole detection/dataset/train/normal/202.jpg,normal
C:/Users/Acer/Desktop/pot hole detection/dataset/train/normal/203.jpg,normal
C:/Users/Acer/Desktop/pot hole detection/dataset/train/normal/204.jpg,normal
C:/Users/Acer/Desktop/pot hole detection/dataset/train/normal/205.jpg,normal
C:/Users/Acer/Desktop/pot hole detection/dataset/train/normal/206.jpg,normal
C:/Users/Acer/Desktop/pot hole detection/dataset/train/normal/207.jpg,normal
C:/Users/Acer/Desktop/pot hole detection/dataset/train/normal/208.jpg,normal
C:/Users/Acer/Desktop/pot hole detection/dataset/train/normal/209.jpg,normal
C:/Users/Acer/Desktop/pot hole detection/dataset/train/normal/210.jpg,normal
C:/Users/Acer/Desktop/pot hole detection/dataset/train/normal/211.jpg,normal
C:/Users/Acer/Desktop/pot hole detection/dataset/train/normal/212.jpg,normal
C:/Users/Acer/Desktop/pot hole detection/dataset/train/normal/213.jpg,normal
C:/Users/Acer/Desktop/pot hole detection/dataset/train/normal/214.jpg,normal
C:/Users/Acer/Desktop/pot hole detection/dataset/train/normal/215.jpg,normal
C:/Users/Acer/Desktop/pot hole detection/dataset/train/normal/216.jpg,normal
C:/Users/Acer/Desktop/pot hole detection/dataset/train/normal/217.jpg,normal
C:/Users/Acer/Desktop/pot hole detection/dataset/train/normal/218.jpg,normal
C:/Users/Acer/Desktop/pot hole detection/dataset/train/normal/219.jpg,normal
C:/Users/Acer/Desktop/pot hole detection/dataset/train/normal/220.jpg,normal
C:/Users/Acer/Desktop/pot hole detection/dataset/train/normal/221.jpg,normal
C:/Users/Acer/Desktop/pot hole detection/dataset/train/normal/222.jpg,normal
C:/Users/Acer/Desktop/pot hole detection/dataset/train/normal/223.jpg,normal
C:/Users/Acer/Desktop/pot hole detection/dataset/train/normal/224.jpg,normal
C:/Users/Acer/Desktop/pot hole detection/dataset/train/normal/225.jpg,normal
C:/Users/Acer/Desktop/pot hole detection/dataset/train/normal/226.jpg,normal
C:/Users/Acer/Desktop/pot hole detection/dataset/train/normal/227.jpg,normal
C:/Users/Acer/Desktop/pot hole detection/dataset/train/normal/228.jpg,normal
C:/Users/Acer/Desktop/pot hole detection/dataset/train/normal/229.jpg,normal
C:/Users/Acer/Desktop/pot hole detection/dataset/train/normal/230.jpg,normal
C:/Users/Acer/Desktop/pot hole detection/dataset/train/normal/231.jpg,normal
C:/Users/Acer/Desktop/pot hole detection/dataset/train/normal/232.jpg,normal
C:/Users/Acer/Desktop/pot hole detection/dataset/train/normal/233.jpg,normal
C:/Users/Acer/Desktop/pot hole detection/dataset/train/normal/234.jpg,normal
C:/Users/Acer/Desktop/pot hole detection/dataset/train/normal/235.jpg,normal
C:/Users/Acer/Desktop/pot hole detection/dataset/train/normal/236.jpg,normal
C:/Users/Acer/Desktop/pot hole detection/dataset/train/normal/237.jpg,normal
C:/Users/Acer/Desktop/pot hole detection/dataset/train/normal/238.jpg,normal
C:/Users/Acer/Desktop/pot hole detection/dataset/train/normal/239.jpg,normal
C:/Users/Acer/Desktop/pot hole detection/dataset/train/normal/240.jpg,normal
C:/Users/Acer/Desktop/pot hole detection/dataset/train/normal/241.jpg,normal
C:/Users/Acer/Desktop/pot hole detection/dataset/train/normal/242.jpg,normal
C:/Users/Acer/Desktop/pot hole detection/dataset/train/normal/243.jpg,normal
C:/Users/Acer/Desktop/pot hole detection/dataset/train/normal/244.jpg,normal
C:/Users/Acer/Desktop/pot hole detection/dataset/train/normal/245.jpg,normal
C:/Users/Acer/Desktop/pot hole detection/dataset/train/normal/246.jpg,normal
C:/Users/Acer/Desktop/pot hole detection/dataset/train/normal/247.jpg,normal
C:/Users/Acer/Desktop/pot hole detection/dataset/train/normal/248.jpg,normal
C:/Users/Acer/Desktop/pot hole detection/dataset/train/normal/249.jpg,normal
C:/Users/Acer/Desktop/pot hole detection/dataset/train/normal/250.jpg,normal
C:/Users/Acer/Desktop/pot hole detection/dataset/train/normal/251.jpg,normal
C:/Users/Acer/Desktop/pot hole detection/dataset/train/normal/252.jpg,normal
C:/Users/Acer/Desktop/pot hole detection/dataset/train/normal/253.jpg,normal
C:/Users/Acer/Desktop/pot hole detection/dataset/train/normal/254.jpg,normal
C:/Users/Acer/Desktop/pot hole detection/dataset/train/normal/255.jpg,normal
C:/Users/Acer/Desktop/pot hole detection/dataset/train/normal/256.jpg,normal
C:/Users/Acer/Desktop/pot hole detection/dataset/train/normal/257.jpg,normal
C:/Users/Acer/Desktop/pot hole detection/dataset/train/normal/258.jpg,normal
C:/Users/Acer/Desktop/pot hole detection/dataset/train/normal/259.jpg,normal
C:/Users/Acer/Desktop/pot hole detection/dataset/train/normal/260.jpg,normal
C:/Users/Acer/Desktop/pot hole detection/dataset/train/normal/261.jpg,normal
C:/Users/Acer/Desktop/pot hole detection/dataset/train/normal/262.jpg,normal
C:/Users/Acer/Desktop/pot hole detection/dataset/train/normal/263.jpg,normal
C:/Users/Acer/Desktop/pot hole detection/dataset/train/normal/264.jpg,normal
C:/Users/Acer/Desktop/pot hole detection/dataset/train/normal/265.jpg,normal
C:/Users/Acer/Desktop/pot hole detection/dataset/train/normal/266.jpg,normal
C:/Users/Acer/Desktop/pot hole detection/dataset/train/normal/267.jpg,normal
C:/Users/Acer/Desktop/pot hole detection/dataset/train/normal/268.jpg,normal
C:/Users/Acer/Desktop/pot hole detection/dataset/train/normal/269.jpg,normal
C:/Users/Acer/Desktop/pot hole detection/dataset/train/normal/270.jpg,normal
C:/Users/Acer/Desktop/pot hole detection/dataset/train/normal/271.jpg,normal
C:/Users/Acer/Desktop/pot hole detection/dataset/train/normal/272.jpg,normal
C:/Users/Acer/Desktop/pot hole detection/dataset/train/normal/273.jpg,normal
C:/Users/Acer/Desktop/pot hole detection/dataset/train/normal/274.jpg,normal
C:/Users/Acer/Desktop/pot hole detection/dataset/train/normal/275.jpg,normal
C:/Users/Acer/Desktop/pot hole detection/dataset/train/normal/276.jpg,normal
C:/Users/Acer/Desktop/pot hole detection/dataset/train/normal/277.jpg,normal
C:/Users/Acer/Desktop/pot hole detection/dataset/train/normal/278.jpg,normal
C:/Users/Acer/Desktop/pot hole detection/dataset/train/normal/279.jpg,normal
C:/Users/Acer/Desktop/pot hole detection/dataset/train/normal/280.jpg,normal
C:/Users/Acer/Desktop/pot hole detection/dataset/train/normal/281.jpg,normal
C:/Users/Acer/Desktop/pot hole detection/dataset/train/normal/282.jpg,normal
C:/Users/Acer/Desktop/pot hole detection/dataset/train/normal/283.jpg,normal
C:/Users/Acer/Desktop/pot hole detection/dataset/train/normal/284.jpg,normal
C:/Users/Acer/Desktop/pot hole detection/dataset/train/normal/285.jpg,normal
C:/Users/Acer/Desktop/pot hole detection/dataset/train/normal/286.jpg,normal
C:/Users/Acer/Desktop/pot hole detection/dataset/train/normal/287.jpg,normal
C:/Users/Acer/Desktop/pot hole detection/dataset/train/normal/288.jpg,normal
C:/Users/Acer/Desktop/pot hole detection/dataset/train/normal/289.jpg,normal
C:/Users/Acer/Desktop/pot hole detection/dataset/train/normal/290.jpg,normal
C:/Users/Acer/Desktop/pot hole detection/dataset/train/normal/291.jpg,normal
C:/Users/Acer/Desktop/pot hole detection/dataset/train/normal/292.jpg,normal
C:/Users/Acer/Desktop/pot hole detection/dataset/train/normal/293.jpg,normal
C:/Users/Acer/Desktop/pot hole detection/dataset/train/normal/294.jpg,normal
C:/Users/Acer/Desktop/pot hole detection/dataset/train/normal/295.jpg,normal
C:/Users/Acer/Desktop/pot hole detection/dataset/train/normal/296.jpg,normal
C:/Users/Acer/Desktop/pot hole detection/dataset/train/normal/297.jpg,normal
C:/Users/Acer/Desktop/pot hole detection/dataset/train/normal/298.jpg,normal
C:/Users/Acer/Desktop/pot hole detection/dataset/train/normal/299.jpg,normal
C:/Users/Acer/Desktop/pot hole detection/dataset/train/normal/300.jpg,normal
C:/Users/Acer/Desktop/pot hole detection/dataset/train/normal/301.jpg,normal
C:/Users/Acer/Desktop/pot hole detection/dataset/train/normal/302.jpg,normal
C:/Users/Acer/Desktop/pot hole detection/dataset/train/normal/303.jpg,normal
C:/Users/Acer/Desktop/pot hole detection/dataset/train/normal/304.jpg,normal
C:/Users/Acer/Desktop/pot hole detection/dataset/train/normal/305.jpg,normal
C:/Users/Acer/Desktop/pot hole detection/dataset/train/normal/306.jpg,normal
C:/Users/Acer/Desktop/pot hole detection/dataset/train/normal/307.jpg,normal
C:/Users/Acer/Desktop/pot hole detection/dataset/train/normal/308.jpg,normal
C:/Users/Acer/Desktop/pot hole detection/dataset/train/normal/309.jpg,normal
C:/Users/Acer/Desktop/pot hole detection/dataset/train/normal/310.jpg,normal
C:/Users/Acer/Desktop/pot hole detection/dataset/train/normal/311.jpg,normal
C:/Users/Acer/Desktop/pot hole detection/dataset/train/normal/312.jpg,normal
C:/Users/Acer/Desktop/pot hole detection/dataset/train/normal/313.jpg,normal
C:/Users/Acer/Desktop/pot hole detection/dataset/train/normal/314.jpg,normal
C:/Users/Acer/Desktop/pot hole detection/dataset/train/normal/315.jpg,normal
C:/Users/Acer/Desktop/pot hole detection/dataset/train/normal/316.jpg,normal
C:/Users/Acer/Desktop/pot hole detection/dataset/train/normal/317.jpg,normal
C:/Users/Acer/Desktop/pot hole detection/dataset/train/normal/318.jpg,normal
C:/Users/Acer/Desktop/pot hole detection/dataset/train/normal/319.jpg,normal
C:/Users/Acer/Desktop/pot hole detection/dataset/train/normal/320.jpg,normal
C:/Users/Acer/Desktop/pot hole detection/dataset/train/normal/321.jpg,normal
C:/Users/Acer/Desktop/pot hole detection/dataset/train/normal/322.jpg,normal
C:/Users/Acer/Desktop/pot hole detection/dataset/train/normal/323.jpg,normal
C:/Users/Acer/Desktop/pot hole detection/dataset/train/normal/324.jpg,normal
C:/Users/Acer/Desktop/pot hole detection/dataset/train/normal/325.jpg,normal
C:/Users/Acer/Desktop/pot hole detection/dataset/train/normal/326.jpg,normal
C:/Users/Acer/Desktop/pot hole detection/dataset/train/normal/327.jpg,normal
C:/Users/Acer/Desktop/pot hole detection/dataset/train/normal/328.jpg,normal
C:/Users/Acer/Desktop/pot hole detection/dataset/train/normal/329.jpg,normal
C:/Users/Acer/Desktop/pot hole detection/dataset/train/normal/330.jpg,normal
C:/Users/Acer/Desktop/pot hole detection/dataset/train/normal/331.jpg,normal
C:/Users/Acer/Desktop/pot hole detection/dataset/train/normal/332.jpg,normal
C:/Users/Acer/Desktop/pot hole detection/dataset/train/normal/333.jpg,normal
C:/Users/Acer/Desktop/pot hole detection/dataset/train/normal/334.jpg,normal
C:/Users/Acer/Desktop/pot hole detection/dataset/train/normal/335.jpg,normal
C:/Users/Acer/Desktop/pot hole detection/dataset/train/normal/336.jpg,normal
C:/Users/Acer/Desktop/pot hole detection/dataset/train/normal/337.jpg,normal
C:/Users/Acer/Desktop/pot hole detection/dataset/train/normal/338.jpg,normal
C:/Users/Acer/Desktop/pot hole detection/dataset/train/normal/339.jpg,normal
C:/Users/Acer/Desktop/pot hole detection/dataset/train/normal/340.jpg,normal
C:/Users/Acer/Desktop/pot hole detection/dataset/train/normal/341.jpg,normal
C:/Users/Acer/Desktop/pot hole detection/dataset/train/normal/342.jpg,normal
C:/Users/Acer/Desktop/pot hole detection/dataset/train/normal/343.jpg,normal
C:/Users/Acer/Desktop/pot hole detection/dataset/train/normal/344.jpg,normal
C:/Users/Acer/Desktop/pot hole detection/dataset/train/normal/345.jpg,normal
C:/Users/Acer/Desktop/pot hole detection/dataset/train/normal/346.jpg,normal
C:/Users/Acer/Desktop/pot hole detection/dataset/train/normal/347.jpg,normal
C:/Users/Acer/Desktop/pot hole detection/dataset/train/normal/348.jpg,normal
C:/Users/Acer/Desktop/pot hole detection/dataset/train/normal/349.jpg,normal
C:/Users/Acer/Desktop/pot hole detection/dataset/train/normal/350.jpg,normal
C:/Users/Acer/Desktop/pot hole detection/dataset/train/normal/351.jpg,normal
C:/Users/Acer/Desktop/pot hole detection/dataset/train/normal/352.jpg,normal
C:/Users/Acer/Desktop/pot hole detection/dataset/train/potholes/1.jpg,portholes
C:/Users/Acer/Desktop/pot hole detection/dataset/train/potholes/2.jpg,portholes
C:/Users/Acer/Desktop/pot hole detection/dataset/train/potholes/3.jpg,portholes
C:/Users/Acer/Desktop/pot hole detection/dataset/train/potholes/4.jpg,portholes
C:/Users/Acer/Desktop/pot hole detection/dataset/train/potholes/5.jpg,portholes
C:/Users/Acer/Desktop/pot hole detection/dataset/train/potholes/6.jpg,portholes
C:/Users/Acer/Desktop/pot hole detection/dataset/train/potholes/7.jpg,portholes
C:/Users/Acer/Desktop/pot hole detection/dataset/train/potholes/8.jpg,portholes
C:/Users/Acer/Desktop/pot hole detection/dataset/train/potholes/9.jpg,portholes
C:/Users/Acer/Desktop/pot hole detection/dataset/train/potholes/10.jpg,portholes
C:/Users/Acer/Desktop/pot hole detection/dataset/train/potholes/11.jpg,portholes
C:/Users/Acer/Desktop/pot hole detection/dataset/train/potholes/12.jpg,portholes
C:/Users/Acer/Desktop/pot hole detection/dataset/train/potholes/13.jpg,portholes
C:/Users/Acer/Desktop/pot hole detection/dataset/train/potholes/14.jpg,portholes
C:/Users/Acer/Desktop/pot hole detection/dataset/train/potholes/15.jpg,portholes
C:/Users/Acer/Desktop/pot hole detection/dataset/train/potholes/16.jpg,portholes
C:/Users/Acer/Desktop/pot hole detection/dataset/train/potholes/17.jpg,portholes
C:/Users/Acer/Desktop/pot hole detection/dataset/train/potholes/18.jpg,portholes
C:/Users/Acer/Desktop/pot hole detection/dataset/train/potholes/19.jpg,portholes
C:/Users/Acer/Desktop/pot hole detection/dataset/train/potholes/20.jpg,portholes
C:/Users/Acer/Desktop/pot hole detection/dataset/train/potholes/21.jpg,portholes
C:/Users/Acer/Desktop/pot hole detection/dataset/train/potholes/22.jpg,portholes
C:/Users/Acer/Desktop/pot hole detection/dataset/train/potholes/23.jpg,portholes
C:/Users/Acer/Desktop/pot hole detection/dataset/train/potholes/24.jpg,portholes
C:/Users/Acer/Desktop/pot hole detection/dataset/train/potholes/25.jpg,portholes
C:/Users/Acer/Desktop/pot hole detection/dataset/train/potholes/26.jpg,portholes
C:/Users/Acer/Desktop/pot hole detection/dataset/train/potholes/27.jpg,portholes
C:/Users/Acer/Desktop/pot hole detection/dataset/train/potholes/28.jpg,portholes
C:/Users/Acer/Desktop/pot hole detection/dataset/train/potholes/29.jpg,portholes
C:/Users/Acer/Desktop/pot hole detection/dataset/train/potholes/30.jpg,portholes
C:/Users/Acer/Desktop/pot hole detection/dataset/train/potholes/31.jpg,portholes
C:/Users/Acer/Desktop/pot hole detection/dataset/train/potholes/32.jpg,portholes
C:/Users/Acer/Desktop/pot hole detection/dataset/train/potholes/33.jpg,portholes
C:/Users/Acer/Desktop/pot hole detection/dataset/train/potholes/34.jpg,portholes
C:/Users/Acer/Desktop/pot hole detection/dataset/train/potholes/35.jpg,portholes
C:/Users/Acer/Desktop/pot hole detection/dataset/train/potholes/36.jpg,portholes
C:/Users/Acer/Desktop/pot hole detection/dataset/train/potholes/37.jpg,portholes
C:/Users/Acer/Desktop/pot hole detection/dataset/train/potholes/38.jpg,portholes
C:/Users/Acer/Desktop/pot hole detection/dataset/train/potholes/39.jpg,portholes
C:/Users/Acer/Desktop/pot hole detection/dataset/train/potholes/40.jpg,portholes
C:/Users/Acer/Desktop/pot hole detection/dataset/train/potholes/41.jpg,portholes
C:/Users/Acer/Desktop/pot hole detection/dataset/train/potholes/42.jpg,portholes
C:/Users/Acer/Desktop/pot hole detection/dataset/train/potholes/43.jpg,portholes
C:/Users/Acer/Desktop/pot hole detection/dataset/train/potholes/44.jpg,portholes
C:/Users/Acer/Desktop/pot hole detection/dataset/train/potholes/45.jpg,portholes
C:/Users/Acer/Desktop/pot hole detection/dataset/train/potholes/46.jpg,portholes
C:/Users/Acer/Desktop/pot hole detection/dataset/train/potholes/47.jpg,portholes
C:/Users/Acer/Desktop/pot hole detection/dataset/train/potholes/48.jpg,portholes
C:/Users/Acer/Desktop/pot hole detection/dataset/train/potholes/49.jpg,portholes
C:/Users/Acer/Desktop/pot hole detection/dataset/train/potholes/50.jpg,portholes
C:/Users/Acer/Desktop/pot hole detection/dataset/train/potholes/51.jpg,portholes
C:/Users/Acer/Desktop/pot hole detection/dataset/train/potholes/52.jpg,portholes
C:/Users/Acer/Desktop/pot hole detection/dataset/train/potholes/53.jpg,portholes
C:/Users/Acer/Desktop/pot hole detection/dataset/train/potholes/54.jpg,portholes
C:/Users/Acer/Desktop/pot hole detection/dataset/train/potholes/55.jpg,portholes
C:/Users/Acer/Desktop/pot hole detection/dataset/train/potholes/56.jpg,portholes
C:/Users/Acer/Desktop/pot hole detection/dataset/train/potholes/57.jpg,portholes
C:/Users/Acer/Desktop/pot hole detection/dataset/train/potholes/58.jpg,portholes
C:/Users/Acer/Desktop/pot hole detection/dataset/train/potholes/59.jpg,portholes
C:/Users/Acer/Desktop/pot hole detection/dataset/train/potholes/60.jpg,portholes
C:/Users/Acer/Desktop/pot hole detection/dataset/train/potholes/61.jpg,portholes
C:/Users/Acer/Desktop/pot hole detection/dataset/train/potholes/62.jpg,portholes
C:/Users/Acer/Desktop/pot hole detection/dataset/train/potholes/63.jpg,portholes
C:/Users/Acer/Desktop/pot hole detection/dataset/train/potholes/64.jpg,portholes
C:/Users/Acer/Desktop/pot hole detection/dataset/train/potholes/65.jpg,portholes
C:/Users/Acer/Desktop/pot hole detection/dataset/train/potholes/66.jpg,portholes
C:/Users/Acer/Desktop/pot hole detection/dataset/train/potholes/67.jpg,portholes
C:/Users/Acer/Desktop/pot hole detection/dataset/train/potholes/68.jpg,portholes
C:/Users/Acer/Desktop/pot hole detection/dataset/train/potholes/69.jpg,portholes
C:/Users/Acer/Desktop/pot hole detection/dataset/train/potholes/70.jpg,portholes
C:/Users/Acer/Desktop/pot hole detection/dataset/train/potholes/71.jpg,portholes
C:/Users/Acer/Desktop/pot hole detection/dataset/train/potholes/72.jpg,portholes
C:/Users/Acer/Desktop/pot hole detection/dataset/train/potholes/73.jpg,portholes
C:/Users/Acer/Desktop/pot hole detection/dataset/train/potholes/74.jpg,portholes
C:/Users/Acer/Desktop/pot hole detection/dataset/train/potholes/75.jpg,portholes
C:/Users/Acer/Desktop/pot hole detection/dataset/train/potholes/76.jpg,portholes
C:/Users/Acer/Desktop/pot hole detection/dataset/train/potholes/77.jpg,portholes
C:/Users/Acer/Desktop/pot hole detection/dataset/train/potholes/78.jpg,portholes
C:/Users/Acer/Desktop/pot hole detection/dataset/train/potholes/79.jpg,portholes
C:/Users/Acer/Desktop/pot hole detection/dataset/train/potholes/80.jpg,portholes
C:/Users/Acer/Desktop/pot hole detection/dataset/train/potholes/81.jpg,portholes
C:/Users/Acer/Desktop/pot hole detection/dataset/train/potholes/82.jpg,portholes
C:/Users/Acer/Desktop/pot hole detection/dataset/train/potholes/83.jpg,portholes
C:/Users/Acer/Desktop/pot hole detection/dataset/train/potholes/84.jpg,portholes
C:/Users/Acer/Desktop/pot hole detection/dataset/train/potholes/85.jpg,portholes
C:/Users/Acer/Desktop/pot hole detection/dataset/train/potholes/86.jpg,portholes
C:/Users/Acer/Desktop/pot hole detection/dataset/train/potholes/87.jpg,portholes
C:/Users/Acer/Desktop/pot hole detection/dataset/train/potholes/88.jpg,portholes
C:/Users/Acer/Desktop/pot hole detection/dataset/train/potholes/89.jpg,portholes
C:/Users/Acer/Desktop/pot hole detection/dataset/train/potholes/90.jpg,portholes
C:/Users/Acer/Desktop/pot hole detection/dataset/train/potholes/91.jpg,portholes
C:/Users/Acer/Desktop/pot hole detection/dataset/train/potholes/92.jpg,portholes
C:/Users/Acer/Desktop/pot hole detection/dataset/train/potholes/93.jpg,portholes
C:/Users/Acer/Desktop/pot hole detection/dataset/train/potholes/94.jpg,portholes
C:/Users/Acer/Desktop/pot hole detection/dataset/train/potholes/95.jpg,portholes
C:/Users/Acer/Desktop/pot hole detection/dataset/train/potholes/96.jpg,portholes
C:/Users/Acer/Desktop/pot hole detection/dataset/train/potholes/97.jpg,portholes
C:/Users/Acer/Desktop/pot hole detection/dataset/train/potholes/98.jpg,portholes
C:/Users/Acer/Desktop/pot hole detection/dataset/train/potholes/99.jpg,portholes
C:/Users/Acer/Desktop/pot hole detection/dataset/train/potholes/100.jpg,portholes
C:/Users/Acer/Desktop/pot hole detection/dataset/train/potholes/101.jpg,portholes
C:/Users/Acer/Desktop/pot hole detection/dataset/train/potholes/102.jpg,portholes
C:/Users/Acer/Desktop/pot hole detection/dataset/train/potholes/103.jpg,portholes
C:/Users/Acer/Desktop/pot hole detection/dataset/train/potholes/104.jpg,portholes
C:/Users/Acer/Desktop/pot hole detection/dataset/train/potholes/105.jpg,portholes
C:/Users/Acer/Desktop/pot hole detection/dataset/train/potholes/106.jpg,portholes
C:/Users/Acer/Desktop/pot hole detection/dataset/train/potholes/107.jpg,portholes
C:/Users/Acer/Desktop/pot hole detection/dataset/train/potholes/108.jpg,portholes
C:/Users/Acer/Desktop/pot hole detection/dataset/train/potholes/109.jpg,portholes
C:/Users/Acer/Desktop/pot hole detection/dataset/train/potholes/110.jpg,portholes
C:/Users/Acer/Desktop/pot hole detection/dataset/train/potholes/111.jpg,portholes
C:/Users/Acer/Desktop/pot hole detection/dataset/train/potholes/112.jpg,portholes
C:/Users/Acer/Desktop/pot hole detection/dataset/train/potholes/113.jpg,portholes
C:/Users/Acer/Desktop/pot hole detection/dataset/train/potholes/114.jpg,portholes
C:/Users/Acer/Desktop/pot hole detection/dataset/train/potholes/115.jpg,portholes
C:/Users/Acer/Desktop/pot hole detection/dataset/train/potholes/116.jpg,portholes
C:/Users/Acer/Desktop/pot hole detection/dataset/train/potholes/117.jpg,portholes
C:/Users/Acer/Desktop/pot hole detection/dataset/train/potholes/118.jpg,portholes
C:/Users/Acer/Desktop/pot hole detection/dataset/train/potholes/119.jpg,portholes
C:/Users/Acer/Desktop/pot hole detection/dataset/train/potholes/120.jpg,portholes
C:/Users/Acer/Desktop/pot hole detection/dataset/train/potholes/121.jpg,portholes
C:/Users/Acer/Desktop/pot hole detection/dataset/train/potholes/122.jpg,portholes
C:/Users/Acer/Desktop/pot hole detection/dataset/train/potholes/123.jpg,portholes
C:/Users/Acer/Desktop/pot hole detection/dataset/train/potholes/124.jpg,portholes
C:/Users/Acer/Desktop/pot hole detection/dataset/train/potholes/125.jpg,portholes
C:/Users/Acer/Desktop/pot hole detection/dataset/train/potholes/126.jpg,portholes
C:/Users/Acer/Desktop/pot hole detection/dataset/train/potholes/127.jpg,portholes
C:/Users/Acer/Desktop/pot hole detection/dataset/train/potholes/128.jpg,portholes
C:/Users/Acer/Desktop/pot hole detection/dataset/train/potholes/129.jpg,portholes
C:/Users/Acer/Desktop/pot hole detection/dataset/train/potholes/130.jpg,portholes
C:/Users/Acer/Desktop/pot hole detection/dataset/train/potholes/131.jpg,portholes
C:/Users/Acer/Desktop/pot hole detection/dataset/train/potholes/132.jpg,portholes
C:/Users/Acer/Desktop/pot hole detection/dataset/train/potholes/133.jpg,portholes
C:/Users/Acer/Desktop/pot hole detection/dataset/train/potholes/134.jpg,portholes
C:/Users/Acer/Desktop/pot hole detection/dataset/train/potholes/135.jpg,portholes
C:/Users/Acer/Desktop/pot hole detection/dataset/train/potholes/136.jpg,portholes
C:/Users/Acer/Desktop/pot hole detection/dataset/train/potholes/137.jpg,portholes
C:/Users/Acer/Desktop/pot hole detection/dataset/train/potholes/138.jpg,portholes
C:/Users/Acer/Desktop/pot hole detection/dataset/train/potholes/139.jpg,portholes
C:/Users/Acer/Desktop/pot hole detection/dataset/train/potholes/140.jpg,portholes
C:/Users/Acer/Desktop/pot hole detection/dataset/train/potholes/141.jpg,portholes
C:/Users/Acer/Desktop/pot hole detection/dataset/train/potholes/142.jpg,portholes
C:/Users/Acer/Desktop/pot hole detection/dataset/train/potholes/143.jpg,portholes
C:/Users/Acer/Desktop/pot hole detection/dataset/train/potholes/144.jpg,portholes
C:/Users/Acer/Desktop/pot hole detection/dataset/train/potholes/145.jpg,portholes
C:/Users/Acer/Desktop/pot hole detection/dataset/train/potholes/146.jpg,portholes
C:/Users/Acer/Desktop/pot hole detection/dataset/train/potholes/147.jpg,portholes
C:/Users/Acer/Desktop/pot hole detection/dataset/train/potholes/148.jpg,portholes
C:/Users/Acer/Desktop/pot hole detection/dataset/train/potholes/149.jpg,portholes
C:/Users/Acer/Desktop/pot hole detection/dataset/train/potholes/150.jpg,portholes
C:/Users/Acer/Desktop/pot hole detection/dataset/train/potholes/151.jpg,portholes
C:/Users/Acer/Desktop/pot hole detection/dataset/train/potholes/152.jpg,portholes
C:/Users/Acer/Desktop/pot hole detection/dataset/train/potholes/153.jpg,portholes
C:/Users/Acer/Desktop/pot hole detection/dataset/train/potholes/154.jpg,portholes
C:/Users/Acer/Desktop/pot hole detection/dataset/train/potholes/155.jpg,portholes
C:/Users/Acer/Desktop/pot hole detection/dataset/train/potholes/156.jpg,portholes
C:/Users/Acer/Desktop/pot hole detection/dataset/train/potholes/157.jpg,portholes
C:/Users/Acer/Desktop/pot hole detection/dataset/train/potholes/158.jpg,portholes
C:/Users/Acer/Desktop/pot hole detection/dataset/train/potholes/159.jpg,portholes
C:/Users/Acer/Desktop/pot hole detection/dataset/train/potholes/160.jpg,portholes
C:/Users/Acer/Desktop/pot hole detection/dataset/train/potholes/161.jpg,portholes
C:/Users/Acer/Desktop/pot hole detection/dataset/train/potholes/162.jpg,portholes
C:/Users/Acer/Desktop/pot hole detection/dataset/train/potholes/163.jpg,portholes
C:/Users/Acer/Desktop/pot hole detection/dataset/train/potholes/164.jpg,portholes
C:/Users/Acer/Desktop/pot hole detection/dataset/train/potholes/165.jpg,portholes
C:/Users/Acer/Desktop/pot hole detection/dataset/train/potholes/166.jpg,portholes
C:/Users/Acer/Desktop/pot hole detection/dataset/train/potholes/167.jpg,portholes
C:/Users/Acer/Desktop/pot hole detection/dataset/train/potholes/168.jpg,portholes
C:/Users/Acer/Desktop/pot hole detection/dataset/train/potholes/169.jpg,portholes
C:/Users/Acer/Desktop/pot hole detection/dataset/train/potholes/170.jpg,portholes
C:/Users/Acer/Desktop/pot hole detection/dataset/train/potholes/171.jpg,portholes
C:/Users/Acer/Desktop/pot hole detection/dataset/train/potholes/172.jpg,portholes
C:/Users/Acer/Desktop/pot hole detection/dataset/train/potholes/173.jpg,portholes
C:/Users/Acer/Desktop/pot hole detection/dataset/train/potholes/174.jpg,portholes
C:/Users/Acer/Desktop/pot hole detection/dataset/train/potholes/175.jpg,portholes
C:/Users/Acer/Desktop/pot hole detection/dataset/train/potholes/176.jpg,portholes
C:/Users/Acer/Desktop/pot hole detection/dataset/train/potholes/177.jpg,portholes
C:/Users/Acer/Desktop/pot hole detection/dataset/train/potholes/178.jpg,portholes
C:/Users/Acer/Desktop/pot hole detection/dataset/train/potholes/179.jpg,portholes
C:/Users/Acer/Desktop/pot hole detection/dataset/train/potholes/180.jpg,portholes
C:/Users/Acer/Desktop/pot hole detection/dataset/train/potholes/181.jpg,portholes
C:/Users/Acer/Desktop/pot hole detection/dataset/train/potholes/182.jpg,portholes
C:/Users/Acer/Desktop/pot hole detection/dataset/train/potholes/183.jpg,portholes
C:/Users/Acer/Desktop/pot hole detection/dataset/train/potholes/184.jpg,portholes
C:/Users/Acer/Desktop/pot hole detection/dataset/train/potholes/185.jpg,portholes
C:/Users/Acer/Desktop/pot hole detection/dataset/train/potholes/186.jpg,portholes
C:/Users/Acer/Desktop/pot hole detection/dataset/train/potholes/187.jpg,portholes
C:/Users/Acer/Desktop/pot hole detection/dataset/train/potholes/188.jpg,portholes
C:/Users/Acer/Desktop/pot hole detection/dataset/train/potholes/189.jpg,portholes
C:/Users/Acer/Desktop/pot hole detection/dataset/train/potholes/190.jpg,portholes
C:/Users/Acer/Desktop/pot hole detection/dataset/train/potholes/191.jpg,portholes
C:/Users/Acer/Desktop/pot hole detection/dataset/train/potholes/192.jpg,portholes
C:/Users/Acer/Desktop/pot hole detection/dataset/train/potholes/193.jpg,portholes
C:/Users/Acer/Desktop/pot hole detection/dataset/train/potholes/194.jpg,portholes
C:/Users/Acer/Desktop/pot hole detection/dataset/train/potholes/195.jpg,portholes
C:/Users/Acer/Desktop/pot hole detection/dataset/train/potholes/196.jpg,portholes
C:/Users/Acer/Desktop/pot hole detection/dataset/train/potholes/197.jpg,portholes
C:/Users/Acer/Desktop/pot hole detection/dataset/train/potholes/198.jpg,portholes
C:/Users/Acer/Desktop/pot hole detection/dataset/train/potholes/199.jpg,portholes
C:/Users/Acer/Desktop/pot hole detection/dataset/train/potholes/200.jpg,portholes
C:/Users/Acer/Desktop/pot hole detection/dataset/train/potholes/201.jpg,portholes
C:/Users/Acer/Desktop/pot hole detection/dataset/train/potholes/202.jpg,portholes
C:/Users/Acer/Desktop/pot hole detection/dataset/train/potholes/203.jpg,portholes
C:/Users/Acer/Desktop/pot hole detection/dataset/train/potholes/204.jpg,portholes
C:/Users/Acer/Desktop/pot hole detection/dataset/train/potholes/205.jpg,portholes
C:/Users/Acer/Desktop/pot hole detection/dataset/train/potholes/206.jpg,portholes
C:/Users/Acer/Desktop/pot hole detection/dataset/train/potholes/207.jpg,portholes
C:/Users/Acer/Desktop/pot hole detection/dataset/train/potholes/208.jpg,portholes
C:/Users/Acer/Desktop/pot hole detection/dataset/train/potholes/209.jpg,portholes
C:/Users/Acer/Desktop/pot hole detection/dataset/train/potholes/210.jpg,portholes
C:/Users/Acer/Desktop/pot hole detection/dataset/train/potholes/211.jpg,portholes
C:/Users/Acer/Desktop/pot hole detection/dataset/train/potholes/212.jpg,portholes
C:/Users/Acer/Desktop/pot hole detection/dataset/train/potholes/213.jpg,portholes
C:/Users/Acer/Desktop/pot hole detection/dataset/train/potholes/214.jpg,portholes
C:/Users/Acer/Desktop/pot hole detection/dataset/train/potholes/215.jpg,portholes
C:/Users/Acer/Desktop/pot hole detection/dataset/train/potholes/216.jpg,portholes
C:/Users/Acer/Desktop/pot hole detection/dataset/train/potholes/217.jpg,portholes
C:/Users/Acer/Desktop/pot hole detection/dataset/train/potholes/218.jpg,portholes
C:/Users/Acer/Desktop/pot hole detection/dataset/train/potholes/219.jpg,portholes
C:/Users/Acer/Desktop/pot hole detection/dataset/train/potholes/220.jpg,portholes
C:/Users/Acer/Desktop/pot hole detection/dataset/train/potholes/221.jpg,portholes
C:/Users/Acer/Desktop/pot hole detection/dataset/train/potholes/222.jpg,portholes
C:/Users/Acer/Desktop/pot hole detection/dataset/train/potholes/223.jpg,portholes
C:/Users/Acer/Desktop/pot hole detection/dataset/train/potholes/224.jpg,portholes
C:/Users/Acer/Desktop/pot hole detection/dataset/train/potholes/225.jpg,portholes
C:/Users/Acer/Desktop/pot hole detection/dataset/train/potholes/226.jpg,portholes
C:/Users/Acer/Desktop/pot hole detection/dataset/train/potholes/227.jpg,portholes
C:/Users/Acer/Desktop/pot hole detection/dataset/train/potholes/228.jpg,portholes
C:/Users/Acer/Desktop/pot hole detection/dataset/train/potholes/229.jpg,portholes
C:/Users/Acer/Desktop/pot hole detection/dataset/train/potholes/230.jpg,portholes
C:/Users/Acer/Desktop/pot hole detection/dataset/train/potholes/231.jpg,portholes
C:/Users/Acer/Desktop/pot hole detection/dataset/train/potholes/232.jpg,portholes
C:/Users/Acer/Desktop/pot hole detection/dataset/train/potholes/233.jpg,portholes
C:/Users/Acer/Desktop/pot hole detection/dataset/train/potholes/234.jpg,portholes
C:/Users/Acer/Desktop/pot hole detection/dataset/train/potholes/235.jpg,portholes
C:/Users/Acer/Desktop/pot hole detection/dataset/train/potholes/236.jpg,portholes
C:/Users/Acer/Desktop/pot hole detection/dataset/train/potholes/237.jpg,portholes
C:/Users/Acer/Desktop/pot hole detection/dataset/train/potholes/238.jpg,portholes
C:/Users/Acer/Desktop/pot hole detection/dataset/train/potholes/239.jpg,portholes
C:/Users/Acer/Desktop/pot hole detection/dataset/train/potholes/240.jpg,portholes
C:/Users/Acer/Desktop/pot hole detection/dataset/train/potholes/241.jpg,portholes
C:/Users/Acer/Desktop/pot hole detection/dataset/train/potholes/242.jpg,portholes
C:/Users/Acer/Desktop/pot hole detection/dataset/train/potholes/243.jpg,portholes
C:/Users/Acer/Desktop/pot hole detection/dataset/train/potholes/244.jpg,portholes
C:/Users/Acer/Desktop/pot hole detection/dataset/train/potholes/245.jpg,portholes
C:/Users/Acer/Desktop/pot hole detection/dataset/train/potholes/246.jpg,portholes
C:/Users/Acer/Desktop/pot hole detection/dataset/train/potholes/247.jpg,portholes
C:/Users/Acer/Desktop/pot hole detection/dataset/train/potholes/248.jpg,portholes
C:/Users/Acer/Desktop/pot hole detection/dataset/train/potholes/249.jpg,portholes
C:/Users/Acer/Desktop/pot hole detection/dataset/train/potholes/250.jpg,portholes
C:/Users/Acer/Desktop/pot hole detection/dataset/train/potholes/251.jpg,portholes
C:/Users/Acer/Desktop/pot hole detection/dataset/train/potholes/252.jpg,portholes
C:/Users/Acer/Desktop/pot hole detection/dataset/train/potholes/253.jpg,portholes
C:/Users/Acer/Desktop/pot hole detection/dataset/train/potholes/254.jpg,portholes
C:/Users/Acer/Desktop/pot hole detection/dataset/train/potholes/255.jpg,portholes
C:/Users/Acer/Desktop/pot hole detection/dataset/train/potholes/256.jpg,portholes
C:/Users/Acer/Desktop/pot hole detection/dataset/train/potholes/257.jpg,portholes
C:/Users/Acer/Desktop/pot hole detection/dataset/train/potholes/258.jpg,portholes
C:/Users/Acer/Desktop/pot hole detection/dataset/train/potholes/259.jpg,portholes
C:/Users/Acer/Desktop/pot hole detection/dataset/train/potholes/260.jpg,portholes
C:/Users/Acer/Desktop/pot hole detection/dataset/train/potholes/261.jpg,portholes
C:/Users/Acer/Desktop/pot hole detection/dataset/train/potholes/262.jpg,portholes
C:/Users/Acer/Desktop/pot hole detection/dataset/train/potholes/263.jpg,portholes
C:/Users/Acer/Desktop/pot hole detection/dataset/train/potholes/264.jpg,portholes
C:/Users/Acer/Desktop/pot hole detection/dataset/train/potholes/265.jpg,portholes
C:/Users/Acer/Desktop/pot hole detection/dataset/train/potholes/266.jpg,portholes
C:/Users/Acer/Desktop/pot hole detection/dataset/train/potholes/267.jpg,portholes
C:/Users/Acer/Desktop/pot hole detection/dataset/train/potholes/268.jpg,portholes
C:/Users/Acer/Desktop/pot hole detection/dataset/train/potholes/269.jpg,portholes
C:/Users/Acer/Desktop/pot hole detection/dataset/train/potholes/270.jpg,portholes
C:/Users/Acer/Desktop/pot hole detection/dataset/train/potholes/271.jpg,portholes
C:/Users/Acer/Desktop/pot hole detection/dataset/train/potholes/272.jpg,portholes
C:/Users/Acer/Desktop/pot hole detection/dataset/train/potholes/273.jpg,portholes
C:/Users/Acer/Desktop/pot hole detection/dataset/train/potholes/274.jpg,portholes
C:/Users/Acer/Desktop/pot hole detection/dataset/train/potholes/275.jpg,portholes
C:/Users/Acer/Desktop/pot hole detection/dataset/train/potholes/276.jpg,portholes
C:/Users/Acer/Desktop/pot hole detection/dataset/train/potholes/277.jpg,portholes
C:/Users/Acer/Desktop/pot hole detection/dataset/train/potholes/278.jpg,portholes
C:/Users/Acer/Desktop/pot hole detection/dataset/train/potholes/279.jpg,portholes
C:/Users/Acer/Desktop/pot hole detection/dataset/train/potholes/280.jpg,portholes
C:/Users/Acer/Desktop/pot hole detection/dataset/train/potholes/281.jpg,portholes
C:/Users/Acer/Desktop/pot hole detection/dataset/train/potholes/282.jpg,portholes
C:/Users/Acer/Desktop/pot hole detection/dataset/train/potholes/283.jpg,portholes
C:/Users/Acer/Desktop/pot hole detection/dataset/train/potholes/284.jpg,portholes
C:/Users/Acer/Desktop/pot hole detection/dataset/train/potholes/285.jpg,portholes
C:/Users/Acer/Desktop/pot hole detection/dataset/train/potholes/286.jpg,portholes
C:/Users/Acer/Desktop/pot hole detection/dataset/train/potholes/287.jpg,portholes
C:/Users/Acer/Desktop/pot hole detection/dataset/train/potholes/288.jpg,portholes
C:/Users/Acer/Desktop/pot hole detection/dataset/train/potholes/289.jpg,portholes
C:/Users/Acer/Desktop/pot hole detection/dataset/train/potholes/290.jpg,portholes
C:/Users/Acer/Desktop/pot hole detection/dataset/train/potholes/291.jpg,portholes
C:/Users/Acer/Desktop/pot hole detection/dataset/train/potholes/292.jpg,portholes
C:/Users/Acer/Desktop/pot hole detection/dataset/train/potholes/293.jpg,portholes
C:/Users/Acer/Desktop/pot hole detection/dataset/train/potholes/294.jpg,portholes
C:/Users/Acer/Desktop/pot hole detection/dataset/train/potholes/295.jpg,portholes
C:/Users/Acer/Desktop/pot hole detection/dataset/train/potholes/296.jpg,portholes
C:/Users/Acer/Desktop/pot hole detection/dataset/train/potholes/297.jpg,portholes
C:/Users/Acer/Desktop/pot hole detection/dataset/train/potholes/298.jpg,portholes
C:/Users/Acer/Desktop/pot hole detection/dataset/train/potholes/299.jpg,portholes
C:/Users/Acer/Desktop/pot hole detection/dataset/train/potholes/300.jpg,portholes
C:/Users/Acer/Desktop/pot hole detection/dataset/train/potholes/301.jpg,portholes
C:/Users/Acer/Desktop/pot hole detection/dataset/train/potholes/302.jpg,portholes
C:/Users/Acer/Desktop/pot hole detection/dataset/train/potholes/303.jpg,portholes
C:/Users/Acer/Desktop/pot hole detection/dataset/train/potholes/304.jpg,portholes
C:/Users/Acer/Desktop/pot hole detection/dataset/train/potholes/305.jpg,portholes
C:/Users/Acer/Desktop/pot hole detection/dataset/train/potholes/306.jpg,portholes
C:/Users/Acer/Desktop/pot hole detection/dataset/train/potholes/307.jpg,portholes
C:/Users/Acer/Desktop/pot hole detection/dataset/train/potholes/308.jpg,portholes
C:/Users/Acer/Desktop/pot hole detection/dataset/train/potholes/309.jpg,portholes
C:/Users/Acer/Desktop/pot hole detection/dataset/train/potholes/310.jpg,portholes
C:/Users/Acer/Desktop/pot hole detection/dataset/train/potholes/311.jpg,portholes
C:/Users/Acer/Desktop/pot hole detection/dataset/train/potholes/312.jpg,portholes
C:/Users/Acer/Desktop/pot hole detection/dataset/train/potholes/313.jpg,portholes
C:/Users/Acer/Desktop/pot hole detection/dataset/train/potholes/314.jpg,portholes
C:/Users/Acer/Desktop/pot hole detection/dataset/train/potholes/315.jpg,portholes
C:/Users/Acer/Desktop/pot hole detection/dataset/train/potholes/316.jpg,portholes
C:/Users/Acer/Desktop/pot hole detection/dataset/train/potholes/317.jpg,portholes
C:/Users/Acer/Desktop/pot hole detection/dataset/train/potholes/318.jpg,portholes
C:/Users/Acer/Desktop/pot hole detection/dataset/train/potholes/319.jpg,portholes
C:/Users/Acer/Desktop/pot hole detection/dataset/train/potholes/320.jpg,portholes
C:/Users/Acer/Desktop/pot hole detection/dataset/train/potholes/321.jpg,portholes
C:/Users/Acer/Desktop/pot hole detection/dataset/train/potholes/322.jpg,portholes
C:/Users/Acer/Desktop/pot hole detection/dataset/train/potholes/323.jpg,portholes
C:/Users/Acer/Desktop/pot hole detection/dataset/train/potholes/324.jpg,portholes
C:/Users/Acer/Desktop/pot hole detection/dataset/train/potholes/325.jpg,portholes
C:/Users/Acer/Desktop/pot hole detection/dataset/train/potholes/326.jpg,portholes
C:/Users/Acer/Desktop/pot hole detection/dataset/train/potholes/327.jpg,portholes
C:/Users/Acer/Desktop/pot hole detection/dataset/train/potholes/328.jpg,portholes
C:/Users/Acer/Desktop/pot hole detection/dataset/train/potholes/329.jpg,portholes
